# Copyright (C) 2018  Intel Corporation. All rights reserved.
# Your use of Intel Corporation's design tools, logic functions 
# and other software and tools, and its AMPP partner logic 
# functions, and any output files from any of the foregoing 
# (including device programming or simulation files), and any 
# associated documentation or information are expressly subject 
# to the terms and conditions of the Intel Program License 
# Subscription Agreement, the Intel Quartus Prime License Agreement,
# the Intel FPGA IP License Agreement, or other applicable license
# agreement, including, without limitation, that your use is for
# the sole purpose of programming logic devices manufactured by
# Intel and sold by Intel or its authorized distributors.  Please
# refer to the applicable agreement for further details.

# Quartus Prime Version 18.1.0 Build 625 09/12/2018 SJ Lite Edition
# File: D:\_Work\Downloads\CodeGenerated\DE10_LITE_FULL_assignments.csv
# Generated on: Wed Sep 20 11:49:19 2023

Status,From,To,Assignment Name,Value,Enabled,Entity,Comment,Tag
Ok,,ADC_CLK_10,I/O Standard,3.3-V LVTTL,Yes,DE10_LITE_FULL,,
Ok,,MAX10_CLK1_50,I/O Standard,3.3-V LVTTL,Yes,DE10_LITE_FULL,,
Ok,,MAX10_CLK2_50,I/O Standard,3.3-V LVTTL,Yes,DE10_LITE_FULL,,
Ok,,ADC_CLK_10,Location,PIN_N5,Yes,,,
Ok,,MAX10_CLK1_50,Location,PIN_P11,Yes,,,
Ok,,MAX10_CLK2_50,Location,PIN_N14,Yes,,,
Ok,,DRAM_ADDR[0],I/O Standard,3.3-V LVTTL,Yes,DE10_LITE_FULL,,
Ok,,DRAM_ADDR[1],I/O Standard,3.3-V LVTTL,Yes,DE10_LITE_FULL,,
Ok,,DRAM_ADDR[2],I/O Standard,3.3-V LVTTL,Yes,DE10_LITE_FULL,,
Ok,,DRAM_ADDR[3],I/O Standard,3.3-V LVTTL,Yes,DE10_LITE_FULL,,
Ok,,DRAM_ADDR[4],I/O Standard,3.3-V LVTTL,Yes,DE10_LITE_FULL,,
Ok,,DRAM_ADDR[5],I/O Standard,3.3-V LVTTL,Yes,DE10_LITE_FULL,,
Ok,,DRAM_ADDR[6],I/O Standard,3.3-V LVTTL,Yes,DE10_LITE_FULL,,
Ok,,DRAM_ADDR[7],I/O Standard,3.3-V LVTTL,Yes,DE10_LITE_FULL,,
Ok,,DRAM_ADDR[8],I/O Standard,3.3-V LVTTL,Yes,DE10_LITE_FULL,,
Ok,,DRAM_ADDR[9],I/O Standard,3.3-V LVTTL,Yes,DE10_LITE_FULL,,
Ok,,DRAM_ADDR[10],I/O Standard,3.3-V LVTTL,Yes,DE10_LITE_FULL,,
Ok,,DRAM_ADDR[11],I/O Standard,3.3-V LVTTL,Yes,DE10_LITE_FULL,,
Ok,,DRAM_ADDR[12],I/O Standard,3.3-V LVTTL,Yes,DE10_LITE_FULL,,
Ok,,DRAM_BA[0],I/O Standard,3.3-V LVTTL,Yes,DE10_LITE_FULL,,
Ok,,DRAM_BA[1],I/O Standard,3.3-V LVTTL,Yes,DE10_LITE_FULL,,
Ok,,DRAM_CAS_N,I/O Standard,3.3-V LVTTL,Yes,DE10_LITE_FULL,,
Ok,,DRAM_CKE,I/O Standard,3.3-V LVTTL,Yes,DE10_LITE_FULL,,
Ok,,DRAM_CLK,I/O Standard,3.3-V LVTTL,Yes,DE10_LITE_FULL,,
Ok,,DRAM_CS_N,I/O Standard,3.3-V LVTTL,Yes,DE10_LITE_FULL,,
Ok,,DRAM_DQ[0],I/O Standard,3.3-V LVTTL,Yes,DE10_LITE_FULL,,
Ok,,DRAM_DQ[1],I/O Standard,3.3-V LVTTL,Yes,DE10_LITE_FULL,,
Ok,,DRAM_DQ[2],I/O Standard,3.3-V LVTTL,Yes,DE10_LITE_FULL,,
Ok,,DRAM_DQ[3],I/O Standard,3.3-V LVTTL,Yes,DE10_LITE_FULL,,
Ok,,DRAM_DQ[4],I/O Standard,3.3-V LVTTL,Yes,DE10_LITE_FULL,,
Ok,,DRAM_DQ[5],I/O Standard,3.3-V LVTTL,Yes,DE10_LITE_FULL,,
Ok,,DRAM_DQ[6],I/O Standard,3.3-V LVTTL,Yes,DE10_LITE_FULL,,
Ok,,DRAM_DQ[7],I/O Standard,3.3-V LVTTL,Yes,DE10_LITE_FULL,,
Ok,,DRAM_DQ[8],I/O Standard,3.3-V LVTTL,Yes,DE10_LITE_FULL,,
Ok,,DRAM_DQ[9],I/O Standard,3.3-V LVTTL,Yes,DE10_LITE_FULL,,
Ok,,DRAM_DQ[10],I/O Standard,3.3-V LVTTL,Yes,DE10_LITE_FULL,,
Ok,,DRAM_DQ[11],I/O Standard,3.3-V LVTTL,Yes,DE10_LITE_FULL,,
Ok,,DRAM_DQ[12],I/O Standard,3.3-V LVTTL,Yes,DE10_LITE_FULL,,
Ok,,DRAM_DQ[13],I/O Standard,3.3-V LVTTL,Yes,DE10_LITE_FULL,,
Ok,,DRAM_DQ[14],I/O Standard,3.3-V LVTTL,Yes,DE10_LITE_FULL,,
Ok,,DRAM_DQ[15],I/O Standard,3.3-V LVTTL,Yes,DE10_LITE_FULL,,
Ok,,DRAM_LDQM,I/O Standard,3.3-V LVTTL,Yes,DE10_LITE_FULL,,
Ok,,DRAM_RAS_N,I/O Standard,3.3-V LVTTL,Yes,DE10_LITE_FULL,,
Ok,,DRAM_UDQM,I/O Standard,3.3-V LVTTL,Yes,DE10_LITE_FULL,,
Ok,,DRAM_WE_N,I/O Standard,3.3-V LVTTL,Yes,DE10_LITE_FULL,,
Ok,,DRAM_ADDR[0],Location,PIN_U17,Yes,,,
Ok,,DRAM_ADDR[1],Location,PIN_W19,Yes,,,
Ok,,DRAM_ADDR[2],Location,PIN_V18,Yes,,,
Ok,,DRAM_ADDR[3],Location,PIN_U18,Yes,,,
Ok,,DRAM_ADDR[4],Location,PIN_U19,Yes,,,
Ok,,DRAM_ADDR[5],Location,PIN_T18,Yes,,,
Ok,,DRAM_ADDR[6],Location,PIN_T19,Yes,,,
Ok,,DRAM_ADDR[7],Location,PIN_R18,Yes,,,
Ok,,DRAM_ADDR[8],Location,PIN_P18,Yes,,,
Ok,,DRAM_ADDR[9],Location,PIN_P19,Yes,,,
Ok,,DRAM_ADDR[10],Location,PIN_T20,Yes,,,
Ok,,DRAM_ADDR[11],Location,PIN_P20,Yes,,,
Ok,,DRAM_ADDR[12],Location,PIN_R20,Yes,,,
Ok,,DRAM_BA[0],Location,PIN_T21,Yes,,,
Ok,,DRAM_BA[1],Location,PIN_T22,Yes,,,
Ok,,DRAM_CAS_N,Location,PIN_U21,Yes,,,
Ok,,DRAM_CKE,Location,PIN_N22,Yes,,,
Ok,,DRAM_CLK,Location,PIN_L14,Yes,,,
Ok,,DRAM_CS_N,Location,PIN_U20,Yes,,,
Ok,,DRAM_DQ[0],Location,PIN_Y21,Yes,,,
Ok,,DRAM_DQ[1],Location,PIN_Y20,Yes,,,
Ok,,DRAM_DQ[2],Location,PIN_AA22,Yes,,,
Ok,,DRAM_DQ[3],Location,PIN_AA21,Yes,,,
Ok,,DRAM_DQ[4],Location,PIN_Y22,Yes,,,
Ok,,DRAM_DQ[5],Location,PIN_W22,Yes,,,
Ok,,DRAM_DQ[6],Location,PIN_W20,Yes,,,
Ok,,DRAM_DQ[7],Location,PIN_V21,Yes,,,
Ok,,DRAM_DQ[8],Location,PIN_P21,Yes,,,
Ok,,DRAM_DQ[9],Location,PIN_J22,Yes,,,
Ok,,DRAM_DQ[10],Location,PIN_H21,Yes,,,
Ok,,DRAM_DQ[11],Location,PIN_H22,Yes,,,
Ok,,DRAM_DQ[12],Location,PIN_G22,Yes,,,
Ok,,DRAM_DQ[13],Location,PIN_G20,Yes,,,
Ok,,DRAM_DQ[14],Location,PIN_G19,Yes,,,
Ok,,DRAM_DQ[15],Location,PIN_F22,Yes,,,
Ok,,DRAM_LDQM,Location,PIN_V22,Yes,,,
Ok,,DRAM_RAS_N,Location,PIN_U22,Yes,,,
Ok,,DRAM_UDQM,Location,PIN_J21,Yes,,,
Ok,,DRAM_WE_N,Location,PIN_V20,Yes,,,
Ok,,HEX0[0],I/O Standard,3.3-V LVTTL,Yes,DE10_LITE_FULL,,
Ok,,HEX0[1],I/O Standard,3.3-V LVTTL,Yes,DE10_LITE_FULL,,
Ok,,HEX0[2],I/O Standard,3.3-V LVTTL,Yes,DE10_LITE_FULL,,
Ok,,HEX0[3],I/O Standard,3.3-V LVTTL,Yes,DE10_LITE_FULL,,
Ok,,HEX0[4],I/O Standard,3.3-V LVTTL,Yes,DE10_LITE_FULL,,
Ok,,HEX0[5],I/O Standard,3.3-V LVTTL,Yes,DE10_LITE_FULL,,
Ok,,HEX0[6],I/O Standard,3.3-V LVTTL,Yes,DE10_LITE_FULL,,
Ok,,HEX0[7],I/O Standard,3.3-V LVTTL,Yes,DE10_LITE_FULL,,
Ok,,HEX1[0],I/O Standard,3.3-V LVTTL,Yes,DE10_LITE_FULL,,
Ok,,HEX1[1],I/O Standard,3.3-V LVTTL,Yes,DE10_LITE_FULL,,
Ok,,HEX1[2],I/O Standard,3.3-V LVTTL,Yes,DE10_LITE_FULL,,
Ok,,HEX1[3],I/O Standard,3.3-V LVTTL,Yes,DE10_LITE_FULL,,
Ok,,HEX1[4],I/O Standard,3.3-V LVTTL,Yes,DE10_LITE_FULL,,
Ok,,HEX1[5],I/O Standard,3.3-V LVTTL,Yes,DE10_LITE_FULL,,
Ok,,HEX1[6],I/O Standard,3.3-V LVTTL,Yes,DE10_LITE_FULL,,
Ok,,HEX1[7],I/O Standard,3.3-V LVTTL,Yes,DE10_LITE_FULL,,
Ok,,HEX2[0],I/O Standard,3.3-V LVTTL,Yes,DE10_LITE_FULL,,
Ok,,HEX2[1],I/O Standard,3.3-V LVTTL,Yes,DE10_LITE_FULL,,
Ok,,HEX2[2],I/O Standard,3.3-V LVTTL,Yes,DE10_LITE_FULL,,
Ok,,HEX2[3],I/O Standard,3.3-V LVTTL,Yes,DE10_LITE_FULL,,
Ok,,HEX2[4],I/O Standard,3.3-V LVTTL,Yes,DE10_LITE_FULL,,
Ok,,HEX2[5],I/O Standard,3.3-V LVTTL,Yes,DE10_LITE_FULL,,
Ok,,HEX2[6],I/O Standard,3.3-V LVTTL,Yes,DE10_LITE_FULL,,
Ok,,HEX2[7],I/O Standard,3.3-V LVTTL,Yes,DE10_LITE_FULL,,
Ok,,HEX3[0],I/O Standard,3.3-V LVTTL,Yes,DE10_LITE_FULL,,
Ok,,HEX3[1],I/O Standard,3.3-V LVTTL,Yes,DE10_LITE_FULL,,
Ok,,HEX3[2],I/O Standard,3.3-V LVTTL,Yes,DE10_LITE_FULL,,
Ok,,HEX3[3],I/O Standard,3.3-V LVTTL,Yes,DE10_LITE_FULL,,
Ok,,HEX3[4],I/O Standard,3.3-V LVTTL,Yes,DE10_LITE_FULL,,
Ok,,HEX3[5],I/O Standard,3.3-V LVTTL,Yes,DE10_LITE_FULL,,
Ok,,HEX3[6],I/O Standard,3.3-V LVTTL,Yes,DE10_LITE_FULL,,
Ok,,HEX3[7],I/O Standard,3.3-V LVTTL,Yes,DE10_LITE_FULL,,
Ok,,HEX4[0],I/O Standard,3.3-V LVTTL,Yes,DE10_LITE_FULL,,
Ok,,HEX4[1],I/O Standard,3.3-V LVTTL,Yes,DE10_LITE_FULL,,
Ok,,HEX4[2],I/O Standard,3.3-V LVTTL,Yes,DE10_LITE_FULL,,
Ok,,HEX4[3],I/O Standard,3.3-V LVTTL,Yes,DE10_LITE_FULL,,
Ok,,HEX4[4],I/O Standard,3.3-V LVTTL,Yes,DE10_LITE_FULL,,
Ok,,HEX4[5],I/O Standard,3.3-V LVTTL,Yes,DE10_LITE_FULL,,
Ok,,HEX4[6],I/O Standard,3.3-V LVTTL,Yes,DE10_LITE_FULL,,
Ok,,HEX4[7],I/O Standard,3.3-V LVTTL,Yes,DE10_LITE_FULL,,
Ok,,HEX5[0],I/O Standard,3.3-V LVTTL,Yes,DE10_LITE_FULL,,
Ok,,HEX5[1],I/O Standard,3.3-V LVTTL,Yes,DE10_LITE_FULL,,
Ok,,HEX5[2],I/O Standard,3.3-V LVTTL,Yes,DE10_LITE_FULL,,
Ok,,HEX5[3],I/O Standard,3.3-V LVTTL,Yes,DE10_LITE_FULL,,
Ok,,HEX5[4],I/O Standard,3.3-V LVTTL,Yes,DE10_LITE_FULL,,
Ok,,HEX5[5],I/O Standard,3.3-V LVTTL,Yes,DE10_LITE_FULL,,
Ok,,HEX5[6],I/O Standard,3.3-V LVTTL,Yes,DE10_LITE_FULL,,
Ok,,HEX5[7],I/O Standard,3.3-V LVTTL,Yes,DE10_LITE_FULL,,
Ok,,HEX0[0],Location,PIN_C14,Yes,,,
Ok,,HEX0[1],Location,PIN_E15,Yes,,,
Ok,,HEX0[2],Location,PIN_C15,Yes,,,
Ok,,HEX0[3],Location,PIN_C16,Yes,,,
Ok,,HEX0[4],Location,PIN_E16,Yes,,,
Ok,,HEX0[5],Location,PIN_D17,Yes,,,
Ok,,HEX0[6],Location,PIN_C17,Yes,,,
Ok,,HEX0[7],Location,PIN_D15,Yes,,,
Ok,,HEX1[0],Location,PIN_C18,Yes,,,
Ok,,HEX1[1],Location,PIN_D18,Yes,,,
Ok,,HEX1[2],Location,PIN_E18,Yes,,,
Ok,,HEX1[3],Location,PIN_B16,Yes,,,
Ok,,HEX1[4],Location,PIN_A17,Yes,,,
Ok,,HEX1[5],Location,PIN_A18,Yes,,,
Ok,,HEX1[6],Location,PIN_B17,Yes,,,
Ok,,HEX1[7],Location,PIN_A16,Yes,,,
Ok,,HEX2[0],Location,PIN_B20,Yes,,,
Ok,,HEX2[1],Location,PIN_A20,Yes,,,
Ok,,HEX2[2],Location,PIN_B19,Yes,,,
Ok,,HEX2[3],Location,PIN_A21,Yes,,,
Ok,,HEX2[4],Location,PIN_B21,Yes,,,
Ok,,HEX2[5],Location,PIN_C22,Yes,,,
Ok,,HEX2[6],Location,PIN_B22,Yes,,,
Ok,,HEX2[7],Location,PIN_A19,Yes,,,
Ok,,HEX3[0],Location,PIN_F21,Yes,,,
Ok,,HEX3[1],Location,PIN_E22,Yes,,,
Ok,,HEX3[2],Location,PIN_E21,Yes,,,
Ok,,HEX3[3],Location,PIN_C19,Yes,,,
Ok,,HEX3[4],Location,PIN_C20,Yes,,,
Ok,,HEX3[5],Location,PIN_D19,Yes,,,
Ok,,HEX3[6],Location,PIN_E17,Yes,,,
Ok,,HEX3[7],Location,PIN_D22,Yes,,,
Ok,,HEX4[0],Location,PIN_F18,Yes,,,
Ok,,HEX4[1],Location,PIN_E20,Yes,,,
Ok,,HEX4[2],Location,PIN_E19,Yes,,,
Ok,,HEX4[3],Location,PIN_J18,Yes,,,
Ok,,HEX4[4],Location,PIN_H19,Yes,,,
Ok,,HEX4[5],Location,PIN_F19,Yes,,,
Ok,,HEX4[6],Location,PIN_F20,Yes,,,
Ok,,HEX4[7],Location,PIN_F17,Yes,,,
Ok,,HEX5[0],Location,PIN_J20,Yes,,,
Ok,,HEX5[1],Location,PIN_K20,Yes,,,
Ok,,HEX5[2],Location,PIN_L18,Yes,,,
Ok,,HEX5[3],Location,PIN_N18,Yes,,,
Ok,,HEX5[4],Location,PIN_M20,Yes,,,
Ok,,HEX5[5],Location,PIN_N19,Yes,,,
Ok,,HEX5[6],Location,PIN_N20,Yes,,,
Ok,,HEX5[7],Location,PIN_L19,Yes,,,
Ok,,KEY[0],I/O Standard,3.3 V Schmitt Trigger,Yes,DE10_LITE_FULL,,
Ok,,KEY[1],I/O Standard,3.3 V Schmitt Trigger,Yes,DE10_LITE_FULL,,
Ok,,KEY[0],Location,PIN_B8,Yes,,,
Ok,,KEY[1],Location,PIN_A7,Yes,,,
Ok,,LEDR[0],I/O Standard,3.3-V LVTTL,Yes,DE10_LITE_FULL,,
Ok,,LEDR[1],I/O Standard,3.3-V LVTTL,Yes,DE10_LITE_FULL,,
Ok,,LEDR[2],I/O Standard,3.3-V LVTTL,Yes,DE10_LITE_FULL,,
Ok,,LEDR[3],I/O Standard,3.3-V LVTTL,Yes,DE10_LITE_FULL,,
Ok,,LEDR[4],I/O Standard,3.3-V LVTTL,Yes,DE10_LITE_FULL,,
Ok,,LEDR[5],I/O Standard,3.3-V LVTTL,Yes,DE10_LITE_FULL,,
Ok,,LEDR[6],I/O Standard,3.3-V LVTTL,Yes,DE10_LITE_FULL,,
Ok,,LEDR[7],I/O Standard,3.3-V LVTTL,Yes,DE10_LITE_FULL,,
Ok,,LEDR[8],I/O Standard,3.3-V LVTTL,Yes,DE10_LITE_FULL,,
Ok,,LEDR[9],I/O Standard,3.3-V LVTTL,Yes,DE10_LITE_FULL,,
Ok,,LEDR[0],Location,PIN_A8,Yes,,,
Ok,,LEDR[1],Location,PIN_A9,Yes,,,
Ok,,LEDR[2],Location,PIN_A10,Yes,,,
Ok,,LEDR[3],Location,PIN_B10,Yes,,,
Ok,,LEDR[4],Location,PIN_D13,Yes,,,
Ok,,LEDR[5],Location,PIN_C13,Yes,,,
Ok,,LEDR[6],Location,PIN_E14,Yes,,,
Ok,,LEDR[7],Location,PIN_D14,Yes,,,
Ok,,LEDR[8],Location,PIN_A11,Yes,,,
Ok,,LEDR[9],Location,PIN_B11,Yes,,,
Ok,,SW[0],I/O Standard,3.3-V LVTTL,Yes,DE10_LITE_FULL,,
Ok,,SW[1],I/O Standard,3.3-V LVTTL,Yes,DE10_LITE_FULL,,
Ok,,SW[2],I/O Standard,3.3-V LVTTL,Yes,DE10_LITE_FULL,,
Ok,,SW[3],I/O Standard,3.3-V LVTTL,Yes,DE10_LITE_FULL,,
Ok,,SW[4],I/O Standard,3.3-V LVTTL,Yes,DE10_LITE_FULL,,
Ok,,SW[5],I/O Standard,3.3-V LVTTL,Yes,DE10_LITE_FULL,,
Ok,,SW[6],I/O Standard,3.3-V LVTTL,Yes,DE10_LITE_FULL,,
Ok,,SW[7],I/O Standard,3.3-V LVTTL,Yes,DE10_LITE_FULL,,
Ok,,SW[8],I/O Standard,3.3-V LVTTL,Yes,DE10_LITE_FULL,,
Ok,,SW[9],I/O Standard,3.3-V LVTTL,Yes,DE10_LITE_FULL,,
Ok,,SW[0],Location,PIN_C10,Yes,,,
Ok,,SW[1],Location,PIN_C11,Yes,,,
Ok,,SW[2],Location,PIN_D12,Yes,,,
Ok,,SW[3],Location,PIN_C12,Yes,,,
Ok,,SW[4],Location,PIN_A12,Yes,,,
Ok,,SW[5],Location,PIN_B12,Yes,,,
Ok,,SW[6],Location,PIN_A13,Yes,,,
Ok,,SW[7],Location,PIN_A14,Yes,,,
Ok,,SW[8],Location,PIN_B14,Yes,,,
Ok,,SW[9],Location,PIN_F15,Yes,,,
Ok,,VGA_B[0],I/O Standard,3.3-V LVTTL,Yes,DE10_LITE_FULL,,
Ok,,VGA_B[1],I/O Standard,3.3-V LVTTL,Yes,DE10_LITE_FULL,,
Ok,,VGA_B[2],I/O Standard,3.3-V LVTTL,Yes,DE10_LITE_FULL,,
Ok,,VGA_B[3],I/O Standard,3.3-V LVTTL,Yes,DE10_LITE_FULL,,
Ok,,VGA_G[0],I/O Standard,3.3-V LVTTL,Yes,DE10_LITE_FULL,,
Ok,,VGA_G[1],I/O Standard,3.3-V LVTTL,Yes,DE10_LITE_FULL,,
Ok,,VGA_G[2],I/O Standard,3.3-V LVTTL,Yes,DE10_LITE_FULL,,
Ok,,VGA_G[3],I/O Standard,3.3-V LVTTL,Yes,DE10_LITE_FULL,,
Ok,,VGA_HS,I/O Standard,3.3-V LVTTL,Yes,DE10_LITE_FULL,,
Ok,,VGA_R[0],I/O Standard,3.3-V LVTTL,Yes,DE10_LITE_FULL,,
Ok,,VGA_R[1],I/O Standard,3.3-V LVTTL,Yes,DE10_LITE_FULL,,
Ok,,VGA_R[2],I/O Standard,3.3-V LVTTL,Yes,DE10_LITE_FULL,,
Ok,,VGA_R[3],I/O Standard,3.3-V LVTTL,Yes,DE10_LITE_FULL,,
Ok,,VGA_VS,I/O Standard,3.3-V LVTTL,Yes,DE10_LITE_FULL,,
Ok,,VGA_B[0],Location,PIN_P1,Yes,,,
Ok,,VGA_B[1],Location,PIN_T1,Yes,,,
Ok,,VGA_B[2],Location,PIN_P4,Yes,,,
Ok,,VGA_B[3],Location,PIN_N2,Yes,,,
Ok,,VGA_G[0],Location,PIN_W1,Yes,,,
Ok,,VGA_G[1],Location,PIN_T2,Yes,,,
Ok,,VGA_G[2],Location,PIN_R2,Yes,,,
Ok,,VGA_G[3],Location,PIN_R1,Yes,,,
Ok,,VGA_HS,Location,PIN_N3,Yes,,,
Ok,,VGA_R[0],Location,PIN_AA1,Yes,,,
Ok,,VGA_R[1],Location,PIN_V1,Yes,,,
Ok,,VGA_R[2],Location,PIN_Y2,Yes,,,
Ok,,VGA_R[3],Location,PIN_Y1,Yes,,,
Ok,,VGA_VS,Location,PIN_N1,Yes,,,
Ok,,GSENSOR_CS_N,I/O Standard,3.3-V LVTTL,Yes,DE10_LITE_FULL,,
Ok,,GSENSOR_INT[1],I/O Standard,3.3-V LVTTL,Yes,DE10_LITE_FULL,,
Ok,,GSENSOR_INT[2],I/O Standard,3.3-V LVTTL,Yes,DE10_LITE_FULL,,
Ok,,GSENSOR_SCLK,I/O Standard,3.3-V LVTTL,Yes,DE10_LITE_FULL,,
Ok,,GSENSOR_SDI,I/O Standard,3.3-V LVTTL,Yes,DE10_LITE_FULL,,
Ok,,GSENSOR_SDO,I/O Standard,3.3-V LVTTL,Yes,DE10_LITE_FULL,,
Ok,,GSENSOR_CS_N,Location,PIN_AB16,Yes,,,
Ok,,GSENSOR_INT[1],Location,PIN_Y14,Yes,,,
Ok,,GSENSOR_INT[2],Location,PIN_Y13,Yes,,,
Ok,,GSENSOR_SCLK,Location,PIN_AB15,Yes,,,
Ok,,GSENSOR_SDI,Location,PIN_V11,Yes,,,
Ok,,GSENSOR_SDO,Location,PIN_V12,Yes,,,
Ok,,ARDUINO_IO[0],I/O Standard,3.3-V LVTTL,Yes,DE10_LITE_FULL,,
Ok,,ARDUINO_IO[1],I/O Standard,3.3-V LVTTL,Yes,DE10_LITE_FULL,,
Ok,,ARDUINO_IO[2],I/O Standard,3.3-V LVTTL,Yes,DE10_LITE_FULL,,
Ok,,ARDUINO_IO[3],I/O Standard,3.3-V LVTTL,Yes,DE10_LITE_FULL,,
Ok,,ARDUINO_IO[4],I/O Standard,3.3-V LVTTL,Yes,DE10_LITE_FULL,,
Ok,,ARDUINO_IO[5],I/O Standard,3.3-V LVTTL,Yes,DE10_LITE_FULL,,
Ok,,ARDUINO_IO[6],I/O Standard,3.3-V LVTTL,Yes,DE10_LITE_FULL,,
Ok,,ARDUINO_IO[7],I/O Standard,3.3-V LVTTL,Yes,DE10_LITE_FULL,,
Ok,,ARDUINO_IO[8],I/O Standard,3.3-V LVTTL,Yes,DE10_LITE_FULL,,
Ok,,ARDUINO_IO[9],I/O Standard,3.3-V LVTTL,Yes,DE10_LITE_FULL,,
Ok,,ARDUINO_IO[10],I/O Standard,3.3-V LVTTL,Yes,DE10_LITE_FULL,,
Ok,,ARDUINO_IO[11],I/O Standard,3.3-V LVTTL,Yes,DE10_LITE_FULL,,
Ok,,ARDUINO_IO[12],I/O Standard,3.3-V LVTTL,Yes,DE10_LITE_FULL,,
Ok,,ARDUINO_IO[13],I/O Standard,3.3-V LVTTL,Yes,DE10_LITE_FULL,,
Ok,,ARDUINO_IO[14],I/O Standard,3.3-V LVTTL,Yes,DE10_LITE_FULL,,
Ok,,ARDUINO_IO[15],I/O Standard,3.3-V LVTTL,Yes,DE10_LITE_FULL,,
Ok,,ARDUINO_RESET_N,I/O Standard,3.3 V Schmitt Trigger,Yes,DE10_LITE_FULL,,
Ok,,ARDUINO_IO[0],Location,PIN_AB5,Yes,,,
Ok,,ARDUINO_IO[1],Location,PIN_AB6,Yes,,,
Ok,,ARDUINO_IO[2],Location,PIN_AB7,Yes,,,
Ok,,ARDUINO_IO[3],Location,PIN_AB8,Yes,,,
Ok,,ARDUINO_IO[4],Location,PIN_AB9,Yes,,,
Ok,,ARDUINO_IO[5],Location,PIN_Y10,Yes,,,
Ok,,ARDUINO_IO[6],Location,PIN_AA11,Yes,,,
Ok,,ARDUINO_IO[7],Location,PIN_AA12,Yes,,,
Ok,,ARDUINO_IO[8],Location,PIN_AB17,Yes,,,
Ok,,ARDUINO_IO[9],Location,PIN_AA17,Yes,,,
Ok,,ARDUINO_IO[10],Location,PIN_AB19,Yes,,,
Ok,,ARDUINO_IO[11],Location,PIN_AA19,Yes,,,
Ok,,ARDUINO_IO[12],Location,PIN_Y19,Yes,,,
Ok,,ARDUINO_IO[13],Location,PIN_AB20,Yes,,,
Ok,,ARDUINO_IO[14],Location,PIN_AB21,Yes,,,
Ok,,ARDUINO_IO[15],Location,PIN_AA20,Yes,,,
Ok,,ARDUINO_RESET_N,Location,PIN_F16,Yes,,,
Ok,,SA_GPIO[0],I/O Standard,3.3-V LVTTL,Yes,DE10_LITE_FULL,,
Ok,,SA_GPIO[1],I/O Standard,3.3-V LVTTL,Yes,DE10_LITE_FULL,,
Ok,,SA_GPIO[2],I/O Standard,3.3-V LVTTL,Yes,DE10_LITE_FULL,,
Ok,,SA_GPIO[3],I/O Standard,3.3-V LVTTL,Yes,DE10_LITE_FULL,,
Ok,,SA_GPIO[4],I/O Standard,3.3-V LVTTL,Yes,DE10_LITE_FULL,,
Ok,,SA_GPIO[5],I/O Standard,3.3-V LVTTL,Yes,DE10_LITE_FULL,,
Ok,,SA_GPIO[6],I/O Standard,3.3-V LVTTL,Yes,DE10_LITE_FULL,,
Ok,,SA_GPIO[7],I/O Standard,3.3-V LVTTL,Yes,DE10_LITE_FULL,,
Ok,,SA_GPIO[8],I/O Standard,3.3-V LVTTL,Yes,DE10_LITE_FULL,,
Ok,,SA_GPIO[9],I/O Standard,3.3-V LVTTL,Yes,DE10_LITE_FULL,,
Ok,,SA_GPIO[10],I/O Standard,3.3-V LVTTL,Yes,DE10_LITE_FULL,,
Ok,,SA_GPIO[11],I/O Standard,3.3-V LVTTL,Yes,DE10_LITE_FULL,,
Ok,,SA_GPIO[12],I/O Standard,3.3-V LVTTL,Yes,DE10_LITE_FULL,,
Ok,,SA_GPIO[13],I/O Standard,3.3-V LVTTL,Yes,DE10_LITE_FULL,,
Ok,,SA_GPIO[14],I/O Standard,3.3-V LVTTL,Yes,DE10_LITE_FULL,,
Ok,,SA_GPIO[15],I/O Standard,3.3-V LVTTL,Yes,DE10_LITE_FULL,,
Ok,,SA_GPIO[16],I/O Standard,3.3-V LVTTL,Yes,DE10_LITE_FULL,,
Ok,,SA_GPIO[17],I/O Standard,3.3-V LVTTL,Yes,DE10_LITE_FULL,,
Ok,,SA_GPIO[18],I/O Standard,3.3-V LVTTL,Yes,DE10_LITE_FULL,,
Ok,,SA_GPIO[19],I/O Standard,3.3-V LVTTL,Yes,DE10_LITE_FULL,,
Ok,,SA_GPIO[20],I/O Standard,3.3-V LVTTL,Yes,DE10_LITE_FULL,,
Ok,,SA_GPIO[21],I/O Standard,3.3-V LVTTL,Yes,DE10_LITE_FULL,,
Ok,,SA_GPIO[22],I/O Standard,3.3-V LVTTL,Yes,DE10_LITE_FULL,,
Ok,,SA_GPIO[23],I/O Standard,3.3-V LVTTL,Yes,DE10_LITE_FULL,,
Ok,,SA_GPIO[24],I/O Standard,3.3-V LVTTL,Yes,DE10_LITE_FULL,,
Ok,,SA_GPIO[25],I/O Standard,3.3-V LVTTL,Yes,DE10_LITE_FULL,,
Ok,,SA_GPIO[26],I/O Standard,3.3-V LVTTL,Yes,DE10_LITE_FULL,,
Ok,,SA_GPIO[27],I/O Standard,3.3-V LVTTL,Yes,DE10_LITE_FULL,,
Ok,,SA_GPIO[28],I/O Standard,3.3-V LVTTL,Yes,DE10_LITE_FULL,,
Ok,,SA_GPIO[29],I/O Standard,3.3-V LVTTL,Yes,DE10_LITE_FULL,,
Ok,,SA_GPIO[30],I/O Standard,3.3-V LVTTL,Yes,DE10_LITE_FULL,,
Ok,,SA_GPIO[31],I/O Standard,3.3-V LVTTL,Yes,DE10_LITE_FULL,,
Ok,,SA_GPIO[32],I/O Standard,3.3-V LVTTL,Yes,DE10_LITE_FULL,,
Ok,,SA_GPIO[33],I/O Standard,3.3-V LVTTL,Yes,DE10_LITE_FULL,,
Ok,,SA_GPIO[34],I/O Standard,3.3-V LVTTL,Yes,DE10_LITE_FULL,,
Ok,,SA_GPIO[35],I/O Standard,3.3-V LVTTL,Yes,DE10_LITE_FULL,,
Ok,,SA_GPIO[0],Location,PIN_V10,Yes,,,
Ok,,SA_GPIO[1],Location,PIN_W10,Yes,,,
Ok,,SA_GPIO[2],Location,PIN_V9,Yes,,,
Ok,,SA_GPIO[3],Location,PIN_W9,Yes,,,
Ok,,SA_GPIO[4],Location,PIN_V8,Yes,,,
Ok,,SA_GPIO[5],Location,PIN_W8,Yes,,,
Ok,,SA_GPIO[6],Location,PIN_V7,Yes,,,
Ok,,SA_GPIO[7],Location,PIN_W7,Yes,,,
Ok,,SA_GPIO[8],Location,PIN_W6,Yes,,,
Ok,,SA_GPIO[9],Location,PIN_V5,Yes,,,
Ok,,SA_GPIO[10],Location,PIN_W5,Yes,,,
Ok,,SA_GPIO[11],Location,PIN_AA15,Yes,,,
Ok,,SA_GPIO[12],Location,PIN_AA14,Yes,,,
Ok,,SA_GPIO[13],Location,PIN_W13,Yes,,,
Ok,,SA_GPIO[14],Location,PIN_W12,Yes,,,
Ok,,SA_GPIO[15],Location,PIN_AB13,Yes,,,
Ok,,SA_GPIO[16],Location,PIN_AB12,Yes,,,
Ok,,SA_GPIO[17],Location,PIN_Y11,Yes,,,
Ok,,SA_GPIO[18],Location,PIN_AB11,Yes,,,
Ok,,SA_GPIO[19],Location,PIN_W11,Yes,,,
Ok,,SA_GPIO[20],Location,PIN_AB10,Yes,,,
Ok,,SA_GPIO[21],Location,PIN_AA10,Yes,,,
Ok,,SA_GPIO[22],Location,PIN_AA9,Yes,,,
Ok,,SA_GPIO[23],Location,PIN_Y8,Yes,,,
Ok,,SA_GPIO[24],Location,PIN_AA8,Yes,,,
Ok,,SA_GPIO[25],Location,PIN_Y7,Yes,,,
Ok,,SA_GPIO[26],Location,PIN_AA7,Yes,,,
Ok,,SA_GPIO[27],Location,PIN_Y6,Yes,,,
Ok,,SA_GPIO[28],Location,PIN_AA6,Yes,,,
Ok,,SA_GPIO[29],Location,PIN_Y5,Yes,,,
Ok,,SA_GPIO[30],Location,PIN_AA5,Yes,,,
Ok,,SA_GPIO[31],Location,PIN_Y4,Yes,,,
Ok,,SA_GPIO[32],Location,PIN_AB3,Yes,,,
Ok,,SA_GPIO[33],Location,PIN_Y3,Yes,,,
Ok,,SA_GPIO[34],Location,PIN_AB2,Yes,,,
Ok,,SA_GPIO[35],Location,PIN_AA2,Yes,,,
,<<new>>,<<new>>,<<new>>,,,,,
